交易日期,品種代碼,魚貨名稱,市場名稱,上價,中價,下價,交易量,平均價,
1060525,1011,吳郭魚,岡山,59.4,30,30,3619.2,40.9,
1060525,1011,吳郭魚,桃園,55,50.8,34.1,2074.1,47.4,
1060525,1019,其他吳郭,台中,85.5,68.6,60,1050,86,
1060525,1019,其他吳郭,埔心,119.5,84.1,59.5,415.5,78,
1060525,1023,草魚,台北,85,82.7,78.4,283.2,82.3,
1060525,1024,大頭鰱,嘉義,51.2,42.7,25.8,338.5,41,
1060525,1031,白鰻,台中,0,164.5,0,20,164.5,
1060525,1039,其他鰻類,台中,0,95,0,5,95,
1060525,1041,虱目魚,桃園,135,118.8,106.7,200,116.8,
1060525,1043,虱目魚頭,台中,50,37.7,11,205,30.8,
1060525,1043,虱目魚頭,苗栗,0,0,12,25,12,
1060525,1043,虱目魚頭,嘉義,9,8.2,7,45,8.1,
1060525,1051,烏仔魚,台中,65,52,30,416,61.4,
1060525,1051,烏仔魚,佳里,0,50,42,144,45.5,
1060525,1071,金目鱸,三重,135.1,101.3,100,396.5,107.8,
1060525,1071,金目鱸,台中,123.5,111.7,102.5,3974,106.3,
1060525,1071,金目鱸,桃園,138.3,108.4,101.1,543.1,112.8,
1060525,1071,金目鱸,嘉義,138.2,123.8,117.2,2333.5,125.3,
1060525,1072,加州鱸,台中,144.7,134.8,116.7,775,135.5,
1060525,1073,七星鱸,三重,145,120.5,117.5,156,124.8,
1060525,1073,七星鱸,台北,101.6,93.9,74.2,607.8,91.5,
1060525,1074,銀花鱸,三重,133.6,123.6,120,28,124.9,
1060525,1074,銀花鱸,苗栗,140,135,130,60,137.5,
1060525,1081,鱺魚,嘉義,92,92,92,6,92,
1060525,1121,鱒魚,彰化,243,239,237,17.6,239,
1060525,1141,田蛙,斗南,75,68.7,62.5,120,68.7,
1060525,1141,田蛙,台北,100,98.9,94.3,1048,98.9,
1060525,1141,田蛙,埔心,61,57.4,56.5,130.5,57.9,
1060525,1172,淡水珍珠石斑,桃園,175,172.2,160,117,170.9,
1060525,1173,龍膽石斑,桃園,190,165.3,130,73,162.7,
1060525,1181,黃臘鰺(紅杉),苗栗,150,110,70,54,121.1,
1060525,1191,香魚(養殖),三重,116.6,116.6,116.6,18,116.6,
1060525,1191,香魚(養殖),埔心,218.2,203.9,189,72,203.8,
1060525,1191,香魚(養殖),彰化,270,241,230,135,241.1,
1060525,1272,午仔魚(養殖),三重,268.1,222.5,200,83,227.1,
1060525,1272,午仔魚(養殖),埔心,320.5,248.4,199.4,336,253,
1060525,1272,午仔魚(養殖),新營,317.6,255.7,201.9,141.8,257.3,
1060525,1999,其他養殖,斗南,165.7,128.5,125,70,135.3,
1060525,1999,其他養殖,台北,250,183.9,53.8,383,171.1,
1060525,2012,赤宗,埔心,451.7,417,392.3,41.5,417,
1060525,2012,赤宗,彰化,445,425,407,20.8,424.8,
1060525,2013,盤仔,台北,458.2,38.2,30,205.8,126.1,
1060525,2013,盤仔,新竹,247,19.4,15,362.9,64.1,
1060525,2019,其他鯛類(沿海),岡山,140,131.8,130,3.9,133.1,
1060525,2021,金線,台中,0,252.7,0,40,252.7,
1060525,2021,金線,新竹,270,262,253.8,39.4,262,
1060525,2031,赤海,嘉義,286.8,269.7,222.2,190.3,263.6,
1060525,2042,紅魚(沿海),新營,227.9,213.3,197.4,82,213.1,
1060525,2042,紅魚(沿海),彰化,274,253,217,138,252.7,
1060525,2061,黃花(沿海),岡山,206.4,185.9,160,338,184.8,
1060525,2061,黃花(沿海),埔心,203.7,175.4,160.3,815.5,177.9,
1060525,2061,黃花(沿海),桃園,217.2,181.7,165.1,984.3,188.2,
1060525,2061,黃花(沿海),嘉義,191.4,170.5,165.2,1113.9,173.6,
1060525,2062,三牙,新竹,550,480.2,330,5.1,464.1,
1060525,2064,白口,台中,0,120,0,1,120,
1060525,2071,四破,三重,60,60,60,20,60,
1060525,2071,四破,岡山,44.3,40,35.3,351.1,39.9,
1060525,2071,四破,埔心,39.3,37,32.3,137.8,36,
1060525,2071,四破,彰化,0,30,0,45,30,
1060525,2073,硬尾,三重,71.4,50.6,45,270.6,53.7,
1060525,2074,巴闌,岡山,30,26.7,25,65,27,
1060525,2078,青魽,苗栗,90,85,80,24.1,84.8,
1060525,2079,紅魽,台北,175.4,151.5,114.4,543.2,148.9,
1060525,2086,三角仔,埔心,17,17,17,150,17,
1060525,2091,白鯧,斗南,650,552.2,425,36,546.3,
1060525,2091,白鯧,彰化,407,406,405,48,405.8,
1060525,2092,黑鯧,新營,139,137.4,137,30,137.7,
1060525,2105,丁香,苗栗,135,0,0,6,135,
1060525,2106,勿仔,台北,103.7,100.7,100,1630.7,100.7,
1060525,2113,黃鰭鮪,新竹,0,50,0,40,50,
1060525,2115,小串仔,新竹,0,80,0,13.2,80,
1060525,2121,真鰹,桃園,0,37,35,192,36.2,
1060525,2136,旗魚肉,彰化,132,128,127,95,128,
1060525,2141,土魠,新竹,405,340,300.4,347.6,345.1,
1060525,2145,石喬,台北,185,155,143.9,51.4,158.8,
1060525,2159,其他鯊魚,台中,0,51,0,8,51,
1060525,2161,魷魚,台中,0,63.7,0,274,63.7,
1060525,2161,魷魚,苗栗,85,0,0,30,85,
1060525,2161,魷魚,新竹,0,60,0,14.5,60,
1060525,2163,花枝,新營,162,146.6,113,73.5,143,
1060525,2164,透抽,苗栗,280,250,220,212.6,247.6,
1060525,2165,軟舌,桃園,0,0,80,10,80,
1060525,2201,石斑魚,岡山,417.3,356.6,218.3,19.7,341.1,
1060525,2201,石斑魚,新竹,562.1,415.2,160.2,28.4,393.6,
1060525,2201,石斑魚,彰化,0,355,0,8.5,355,
1060525,2221,海鰻,嘉義,448.1,182.4,36.4,61,206.3,
1060525,2231,海鯰,台北,13.7,6.5,5.2,271.6,7.7,
1060525,2238,海鯽魚,嘉義,327.8,306.8,250.9,18,299.9,
1060525,2261,肉魚,佳里,127,125,0,40,126.2,
1060525,2321,油魚,台北,65,41.5,35,131,44.9,
1060525,2321,油魚,岡山,75.1,54.9,50,23.7,57.9,
1060525,2331,鯖魚,岡山,52.1,35.8,26.5,868.9,37.2,
1060525,2341,白帶魚,埔心,309.7,152.2,60.8,206.5,214.3,
1060525,2391,咬狗,埔心,0,255,0,3.3,229.7,
1060525,2411,龍舌,台中,0,519.3,0,7,519.3,
1060525,2441,牛尾,埔心,147,138.5,130,6.6,141.1,
1060525,2481,英哥,新竹,236.3,171.5,140.3,155,178.2,
1060525,2481,英哥,彰化,403,198,129,129.9,198,
1060525,2512,加志,嘉義,195,195,195,1.6,195,
1060525,2532,九岩,台中,0,132,0,11,132,
1060525,2532,九岩,新竹,140,0,0,2.9,140,
1060525,2563,象魚(臭肚),新竹,0,75,0,1.1,75,
1060525,2568,肉栓(沿海),三重,189.8,180,180,152.5,182,
1060525,2571,剝皮魚,新竹,130,0,0,1,130,
1060525,2901,翻車魚,新竹,210,151.1,100,86.3,152.6,
1060525,2999,其他非凍結魚,佳里,0,80,35,19.6,65,
1060525,3091,白鯧(凍),桃園,500,0,0,40,500,
1060525,3105,丁香(凍),桃園,160,156,0,12,157.5,
1060525,3169,章魚(凍),台中,0,140,0,73,140,
1060525,3261,肉魚(凍),台北,150,97.7,80,60.4,104.6,
1060525,3291,暑魚(凍),高雄,90,88.5,50,477,81.1,
1060525,3521,秋刀(凍),埔心,70,51,51,170,53.2,
1060525,3632,柳葉魚(凍),桃園,0,0,36,24,36,
1060525,3641,鱈魚(凍),苗栗,110,90,70,160,82.2,
1060525,3641,鱈魚(凍),桃園,300,280,0,69.1,285.5,
1060525,3999,其他凍結(凍),台北,0,65,0,10,65,
1060525,4015,白蝦,新營,180,180,180,28,180,
1060525,4015,白蝦,嘉義,163,163,163,10,163,
1060525,4016,蝦仁,彰化,450,107,50,70,107.1,
1060525,4071,劍蝦(海),新竹,330,135.3,25,31,152.2,
1060525,4522,市仔管,桃園,0,100,0,28,100,
1060525,5012,牡蠣養,嘉義,74,74,74,104,74,
1060525,5012,牡蠣養,彰化,180,102,65,442,101.6,
1060525,5022,文蛤養,台中,0,100,0,1180,100,
1060525,5022,文蛤養,埔心,90,66.6,38.3,202,59.3,
1060525,5022,文蛤養,新竹,20,18.6,12.8,885,18.6,
1060525,5888,海瓜子,斗南,116,115.1,115,24,115.3,
1060525,6011,紅魚(其他),新竹,100,0,0,144,100,
1060525,6011,紅魚(其他),嘉義,108,108,108,20,108,
1060525,6016,鮭,台中,250,250,233.3,1030,245.1,
1060525,6021,鹹魚,佳里,175,0,0,18,175,
1060525,6031,魚丸,斗南,69,68,68,60,68.2,
1060525,6049,其他加工,三重,39.9,15,15,439,20,
1060525,6050,熟卷,彰化,193,187,180,84,186.6,
1060525,9999,其他,三重,20.4,20.4,20.4,1500,20.4,
1060525,1011,吳郭魚,嘉義,50.3,46.9,25.4,3063.5,43.3,
1060525,1012,尼羅紅魚,台北,105.1,95,51.6,684.2,88.3,
1060525,1012,尼羅紅魚,新營,81,81,81,30,81,
1060525,1019,其他吳郭,台北,137.6,93.8,49,1449,93.6,
1060525,1022,鯽魚,台北,80,73.7,36.9,1484.4,67.6,
1060525,1023,草魚,三重,90,90,90,32.6,90,
1060525,1023,草魚,斗南,90,84,78.6,294.1,84.1,
1060525,1027,烏鰡,佳里,0,110,0,16.6,110,
1060525,1041,虱目魚,台北,118.2,107.9,96.4,2506.6,107.7,
1060525,1041,虱目魚,埔心,133.3,110.9,92.5,1288.7,114.1,
1060525,1042,虱目魚肚,嘉義,368,368,368,24,368,
1060525,1042,虱目魚肚,彰化,750,339,65,166,339,
1060525,1043,虱目魚頭,桃園,14,7,0,89,9,
1060525,1061,豆仔,台北,0,85,0,50,85,
1060525,1072,加州鱸,新竹,147,138.3,121,298,136.6,
1060525,1072,加州鱸,彰化,135,126,119,396,126.3,
1060525,1073,七星鱸,台中,156.7,133.1,100,138,134.7,
1060525,1073,七星鱸,苗栗,165,147.5,130,294,136.2,
1060525,1102,泥鰍,嘉義,181,177.5,176,48,177.9,
1060525,1141,田蛙,佳里,0,75,0,48,75,
1060525,1163,黑鯛(養殖),台中,230.3,167.1,129.7,391,188,
1060525,1163,黑鯛(養殖),新竹,189,179.2,161.8,52.3,177.6,
1060525,1164,紅鰽,台北,268.3,245.6,200,180,241,
1060525,1164,紅鰽,新竹,276.5,263.7,232.3,76.7,260,
1060525,1170,象魚,台中,0,112,0,28,112,
1060525,1171,青石斑,新竹,220,213.6,170.5,70.8,206.3,
1060525,1171,青石斑,新營,237.9,228.8,220,17.1,228.9,
1060525,1172,淡水珍珠石斑,新營,169.8,154.7,145.6,48,155.9,
1060525,1181,黃臘鰺(紅杉),三重,230,165,100,12,165,
1060525,1201,富貴魚,台中,149.7,131.8,98.5,168,135,
1060525,1201,富貴魚,佳里,150,138,0,30,140.4,
1060525,1999,其他養殖,三重,43,43,38.7,309.8,42.1,
1060525,1999,其他養殖,埔心,70,58.1,29.3,278,43.8,
1060525,2012,赤宗,台中,470.1,249.6,144.6,364,230.5,
1060525,2013,盤仔,埔心,69,69,29,31.7,64.3,
1060525,2015,黑鯛(沿海),嘉義,210,204.7,160.5,67.1,196.9,
1060525,2061,黃花(沿海),台北,0,170,0,8.4,170,
1060525,2061,黃花(沿海),苗栗,235,192.5,150,197,195.5,
1060525,2064,白口,斗南,118,106.3,93,57.5,106,
1060525,2067,鮸魚,新竹,145,137.6,135,59.3,138.6,
1060525,2071,四破,斗南,44,44,44,45,44,
1060525,2073,硬尾,台北,41.3,30.2,21.9,1359.2,30.8,
1060525,2075,紅尾,新竹,0,35,0,100,35,
1060525,2077,甘(瓜)仔,三重,370,327,300,167,330.2,
1060525,2077,甘(瓜)仔,桃園,0,115,0,41.8,115,
1060525,2078,青魽,岡山,77.5,70.2,70,107.4,71.6,
1060525,2079,紅魽,三重,219.2,200,200,128.2,203.8,
1060525,2079,紅魽,苗栗,210,170,130,135.5,157.7,
1060525,2082,紅古,斗南,95,95,95,60,95,
1060525,2092,黑鯧,台北,210,183.8,140,159.5,180.3,
1060525,2099,其他鯧類,新營,129,129,128.2,72,128.8,
1060525,2124,煙仔虎,埔心,41,19.7,9,79,21.6,
1060525,2143,白北,埔心,262,229.2,154,19.8,232.8,
1060525,2143,白北,嘉義,310.8,254,235.5,29.7,261.6,
1060525,2143,白北,彰化,276,249,210,19.6,249.2,
1060525,2151,大鯊,台北,59.9,45.1,33.9,1041.5,45.9,
1060525,2151,大鯊,岡山,100,89,29.9,57.9,79.4,
1060525,2157,水鯊,新竹,75,73.5,70,9.6,73.1,
1060525,2159,其他鯊魚,彰化,106,85,70,267.2,85.1,
1060525,2164,透抽,三重,235,188.6,150,37.9,190.2,
1060525,2164,透抽,埔心,262.9,234.7,171.9,436.5,228.1,
1060525,2165,軟舌,新竹,500,426.4,230,9.9,401.8,
1060525,2166,小卷,岡山,231.6,230,230,51.6,230.3,
1060525,2211,狗母,斗南,190,179.7,163,60.6,178.4,
1060525,2261,肉魚,台中,687.8,338.1,156.7,809,223.2,
1060525,2261,肉魚,台北,209.4,161.2,93.2,508,157.2,
1060525,2261,肉魚,彰化,387,143,10,605,143.2,
1060525,2331,鯖魚,台中,45.2,32.7,26,3224,30.9,
1060525,2331,鯖魚,台北,50.1,36.1,28,1196.3,37.3,
1060525,2331,鯖魚,台南,0,35,0,2100,35,
1060525,2331,鯖魚,桃園,46.9,38.7,27.9,930,38.3,
1060525,2331,鯖魚,彰化,54,30,25,1320,29.7,
1060525,2351,鱝(魴仔),新竹,49.3,19.7,10,112.8,23.6,
1060525,2391,咬狗,嘉義,274.1,192.9,154.3,21.8,201.4,
1060525,2411,龍舌,台北,400,307.1,250,1.4,314.3,
1060525,2421,白松,新竹,260,245.8,189.1,7.9,245.8,
1060525,2481,英哥,岡山,231.9,127.8,94.4,78,141.9,
1060525,2501,赤筆,嘉義,363,363,363,1,363,
1060525,2501,赤筆,彰化,0,201,0,10.2,201,
1060525,2532,九岩,桃園,0,140,0,8,140,
1060525,2541,青筆,台中,362,340.5,314,42,341.5,
1060525,2541,青筆,新竹,255.8,75.5,20,18.1,100.4,
1060525,2781,鮭魚,新竹,200,0,0,270,200,
1060525,3079,紅魽(凍),埔心,0,80,0,12,80,
1060525,3113,黃鰭鮪(凍),高雄,100,100,90.6,15259,98.1,
1060525,3119,其他鮪魚(凍),苗栗,50,49,48,76,49.5,
1060525,3134,白皮旗(凍),高雄,85,73.2,60,568,72.9,
1060525,3145,石喬(凍),台北,0,40,0,275,40,
1060525,3521,秋刀(凍),佳里,50,45,0,60,47.5,
1060525,3641,鱈魚(凍),佳里,368,365,0,20,365.8,
1060525,4522,市仔管,斗南,80,80,80,28,80,
1060525,6021,鹹魚,新營,68.1,23.8,22,112,32.3,
1060525,6031,魚丸,苗栗,0,0,45,100,45,
1060525,6031,魚丸,桃園,0,70,0,90,70,
1060525,6049,其他加工,苗栗,185,98,11,334.3,92.5,
1060525,6110,魚肚,彰化,146,145,144,56.9,145,
1060525,9999,其他,新營,200.7,200.7,200.7,290.3,200.7,
1060525,1011,吳郭魚,三重,55.2,50.2,49.3,2512,51,
1060525,1012,尼羅紅魚,台中,100,78.5,68,284,89.8,
1060525,1019,其他吳郭,彰化,120,74,10,659.1,74.4,
1060525,1027,烏鰡,嘉義,121,121,121,21.5,121,
1060525,1061,豆仔,台中,118,78.5,69,96,83.9,
1060525,1072,加州鱸,三重,140,116.9,103.9,48,118.9,
1060525,1072,加州鱸,斗南,134.9,127.7,122,132,128,
1060525,1072,加州鱸,台北,102,86.8,83,153,89.1,
1060525,1072,加州鱸,桃園,140,103.6,0,72,106.7,
1060525,1074,銀花鱸,埔心,154.3,146,127,322,144,
1060525,1074,銀花鱸,桃園,135.5,130,0,54,133.4,
1060525,1102,泥鰍,斗南,185,185,185,30,185,
1060525,1111,鯰魚,桃園,130,120,0,33.6,123.7,
1060525,1141,田蛙,桃園,80,55,0,60,63.3,
1060525,1163,黑鯛(養殖),佳里,170,148,0,12,159,
1060525,1163,黑鯛(養殖),桃園,170,118.6,80,72,117.5,
1060525,1165,黃鍚鯛,新竹,224.9,221,220,18.3,221,
1060525,1165,黃鍚鯛,彰化,0,263,0,42,263,
1060525,1166,海鱺(養殖),新營,130,130,130,20.5,130,
1060525,1171,青石斑,斗南,210.9,155.4,79.1,206.3,151.3,
1060525,1172,淡水珍珠石斑,台北,152.7,98.6,84.6,369.4,106.6,
1060525,1172,淡水珍珠石斑,埔心,169,145.4,114.7,177,142.5,
1060525,1181,黃臘鰺(紅杉),台北,218.5,182.1,147,211.2,182.4,
1060525,1181,黃臘鰺(紅杉),新竹,213.4,203.4,177.1,145.6,200.2,
1060525,1272,午仔魚(養殖),台北,299.5,219.2,128.2,656.5,217.1,
1060525,1999,其他養殖,新竹,0,50,0,10,50,
1060525,2011,加臘(沿海),台北,380,359.9,330,10.2,357.9,
1060525,2013,盤仔,台中,304,136.8,26.8,404,72.2,
1060525,2015,黑鯛(沿海),埔心,351,221,175,6.5,228.5,
1060525,2042,紅魚(沿海),桃園,269.7,251.9,240,77.4,254,
1060525,2064,白口,台北,164.6,143.3,60,46,130.9,
1060525,2071,四破,台中,61,24.1,23,239,31,
1060525,2074,巴闌,斗南,32,30.2,23,90,29.1,
1060525,2074,巴闌,桃園,48.1,37.3,25.4,350,37.9,
1060525,2075,紅尾,台北,62.6,45.7,35,1022.8,47,
1060525,2075,紅尾,苗栗,40,37.5,35,80,35.6,
1060525,2079,紅魽,桃園,180,123.6,62,207.3,131.4,
1060525,2079,紅魽,嘉義,148,127.7,56,279.9,117.4,
1060525,2082,紅古,桃園,92,88,0,90,90.7,
1060525,2091,白鯧,台中,1322.7,1103.9,473.7,134,593.1,
1060525,2091,白鯧,埔心,677.1,574.2,382.9,149.4,528.5,
1060525,2091,白鯧,嘉義,512.3,468.7,343.2,66.2,452.4,
1060525,2092,黑鯧,岡山,100,98.1,90,31.7,96.8,
1060525,2093,銀鯧,桃園,133,130,0,80,131.5,
1060525,2103,鱙仔,台中,0,100,0,125,100,
1060525,2105,丁香,台中,0,149,0,12,149,
1060525,2106,勿仔,彰化,23,23,23,40,23,
1060525,2115,小串仔,埔心,0,66,0,3.9,65.9,
1060525,2119,其他鮪魚,三重,155,121.8,120,26,128.1,
1060525,2141,土魠,斗南,364.9,320,284.3,117.7,321.9,
1060525,2141,土魠,新營,392.1,363.2,334.7,142.3,363.3,
1060525,2141,土魠,彰化,416,352,290,232.3,352,
1060525,2143,白北,台中,0,202.5,0,117,202.5,
1060525,2151,大鯊,台中,0,104.7,0,123,104.7,
1060525,2151,大鯊,苗栗,170,110,50,285.5,110.1,
1060525,2155,角鯊,埔心,136,123.2,119,82.8,125.3,
1060525,2161,魷魚,斗南,96,96,96,30,96,
1060525,2164,透抽,彰化,260,232,190,425.8,232.4,
1060525,2165,軟舌,台中,0,277,0,92,277,
1060525,2166,小卷,台中,0,150,0,140,150,
1060525,2169,章魚,嘉義,56,52,46,237.2,51.6,
1060525,2191,龍尖,台北,170,144.4,100,31,140.6,
1060525,2201,石斑魚,埔心,187,184,142,7.2,177.8,
1060525,2211,狗母,彰化,0,94,0,0.7,94,
1060525,2231,海鯰,新竹,14.5,11.4,10,74.2,11.7,
1060525,2238,海鯽魚,斗南,300,299.3,272.4,13.9,294,
1060525,2261,肉魚,斗南,203.2,95,77.7,353,113.2,
1060525,2301,尖梭,台北,240.2,131.9,104.8,57.9,148.1,
1060525,2341,白帶魚,佳里,160,142,130,72,146.1,
1060525,2341,白帶魚,桃園,300.1,219.9,65.9,280.3,193.4,
1060525,2351,鱝(魴仔),岡山,40,39.5,30,58.5,37.7,
1060525,2351,鱝(魴仔),埔心,175.6,104.8,34,269.3,113.5,
1060525,2401,扁魚,台中,0,300,0,1,300,
1060525,2431,厚唇,新竹,380,236.3,220,4,261.8,
1060525,2461,長加,新竹,295.7,227.7,200,50.3,235.8,
1060525,2481,英哥,新營,75.1,67.4,50,28.9,65.5,
1060525,2491,海鱺(沿海),斗南,73.1,63.8,55.9,66.4,64.1,
1060525,2491,海鱺(沿海),佳里,0,0,80,17.5,80,
1060525,2491,海鱺(沿海),新竹,240,224.2,156.7,32.2,213.9,
1060525,2501,赤筆,台中,0,549.3,0,26,549.3,
1060525,2501,赤筆,台北,372.2,314.4,300,16.2,314.4,
1060525,2511,金龍(沿海),嘉義,220,217.6,213,29.4,217.1,
1060525,2551,沙腸,新竹,130,0,0,2.2,130,
1060525,2551,沙腸,彰化,414,292,205,31.9,292.3,
1060525,2562,什魚,埔心,0,42.5,0,2,52.5,
1060525,2562,什魚,桃園,0,33,20,31.5,27.2,
1060525,2568,肉栓(沿海),彰化,214,69,60,91.4,69.2,
1060525,2571,剝皮魚,埔心,249,228.8,220,54.9,225.6,
1060525,2572,剝皮魚去頭,台中,0,255.5,0,36,255.5,
1060525,2781,鮭魚,台北,354.1,309.4,284.3,985.2,313.3,
1060525,2999,其他非凍結魚,新竹,152,74.4,68.5,865.4,88.7,
1060525,3011,加臘(凍),桃園,0,0,70,20,70,
1060525,3119,其他鮪魚(凍),嘉義,132.5,107.2,66.7,582.4,104.2,
1060525,3132,紅肉旗(凍),高雄,75,70.3,70,1895,71.2,
1060525,3161,魷魚(凍),新竹,100,0,0,25,100,
1060525,3164,透抽(凍),三重,240,240,240,7.6,240,
1060525,3203,紅條(凍),嘉義,325.6,303.4,275.9,50,302.4,
1060525,3251,皮刀(凍),台北,0,30,0,100,30,
1060525,3341,白帶魚(凍),斗南,197.8,197,197,60,197.2,
1060525,3641,鱈魚(凍),三重,270,270,270,7,270,
1060525,3641,鱈魚(凍),埔心,360,310,310,62,331,
1060525,3641,鱈魚(凍),彰化,354,345,331,44.4,345,
1060525,3642,圓鱈,台中,0,800,0,13,800,
1060525,3781,鮭魚(凍),佳里,372,320,288,64.9,341.7,
1060525,3781,鮭魚(凍),苗栗,395,0,0,51,395,
1060525,4010,溪蝦,桃園,0,147,0,9.5,147,
1060525,4051,斑節蝦(海),高雄,1000,1000,1000,18,1000,
1060525,4512,紅蟳,嘉義,219.4,61.6,8.1,34,82.5,
1060525,5022,文蛤養,彰化,0,99,0,12.6,99,
1060525,5999,其他貝類,苗栗,35,30,25,90,29,
1060525,6010,鮭魚片,三重,120,106.4,100,115,107.8,
1060525,6016,鮭,埔心,0,330,0,27.8,305.8,
1060525,6031,魚丸,台中,0,69,0,60,69,
1060525,6049,其他加工,岡山,184.5,67.2,27,55,82.6,
1060525,6049,其他加工,新營,127.6,88.2,30,121,84.4,
1060525,6051,熟小破,苗栗,285,230,175,252,224,
1060525,9999,其他,彰化,69.4,69.4,69.4,3.2,69.4,
1060525,1011,吳郭魚,彰化,46,43,10,4052.8,42.9,
1060525,1012,尼羅紅魚,埔心,94.8,81.1,75.2,210.4,82.2,
1060525,1019,其他吳郭,嘉義,66.4,59.6,43,2437.5,57.7,
1060525,1023,草魚,佳里,100,73,60,199.6,74.8,
1060525,1023,草魚,彰化,90,80,62,350,79.8,
1060525,1041,虱目魚,嘉義,133,125.8,87.4,1728,119.6,
1060525,1043,虱目魚頭,彰化,16,9,3,173,9,
1060525,1071,金目鱸,台北,137.6,106.1,73.7,4980.6,105.9,
1060525,1071,金目鱸,苗栗,135,117.5,100,642,109.5,
1060525,1072,加州鱸,苗栗,140,110,80,66,108.1,
1060525,1072,加州鱸,新營,140,122.7,100.9,54,121.8,
1060525,1073,七星鱸,新竹,168.4,151.6,129.2,253.8,150.5,
1060525,1074,銀花鱸,新營,136,135.7,135,30,135.6,
1060525,1074,銀花鱸,彰化,162,121,70,252,120.8,
1060525,1086,三角仔【養】,台中,0,488,0,6,488,
1060525,1102,泥鰍,彰化,0,179,178,30,178.5,
1060525,1141,田蛙,嘉義,71.9,68.2,65.1,480,68.3,
1060525,1161,加臘(養殖),台北,0,280,0,5.3,280,
1060525,1163,黑鯛(養殖),斗南,182,172.7,163.3,56.5,178.3,
1060525,1171,青石斑,三重,230,230,230,6,230,
1060525,1171,青石斑,台中,529,319.9,191.3,522,268.6,
1060525,1171,青石斑,佳里,270,0,180,50,231.5,
1060525,1171,青石斑,苗栗,190,132.5,75,66,125.9,
1060525,1172,淡水珍珠石斑,彰化,176,158,142,87,157.5,
1060525,1173,龍膽石斑,埔心,0,285,0,4.5,290.4,
1060525,1181,黃臘鰺(紅杉),桃園,231.7,178,0,90,195.4,
1060525,1511,金龍(養殖),彰化,246,236,224,30,235.6,
1060525,2011,加臘(沿海),台中,0,428,0,11,428,
1060525,2012,赤宗,三重,450,450,450,21.4,450,
1060525,2013,盤仔,嘉義,90,59.7,51,42,64,
1060525,2019,其他鯛類(沿海),三重,950.3,950.3,950.3,1.8,950.3,
1060525,2019,其他鯛類(沿海),高雄,251.5,200,200,192.9,210.3,
1060525,2041,秋姑,新竹,320,0,0,1.9,320,
1060525,2042,紅魚(沿海),新竹,134.6,67.3,43.5,201.4,76,
1060525,2051,紅目鰱,新竹,560,542.3,470.6,3.4,531.5,
1060525,2061,黃花(沿海),彰化,205,172,161,486.5,172.1,
1060525,2064,白口,桃園,235,114.6,48,52,113.1,
1060525,2064,白口,嘉義,320.4,190.5,118,29.6,202,
1060525,2071,四破,佳里,45,43,0,45,44.3,
1060525,2071,四破,桃園,72,60,55,187.4,60.8,
1060525,2073,硬尾,台中,44.5,30.6,25,688,29.6,
1060525,2073,硬尾,苗栗,28,24,20,202,22.8,
1060525,2073,硬尾,新竹,0,32,0,33,32,
1060525,2074,巴闌,三重,43,31.4,30,448,33.4,
1060525,2074,巴闌,嘉義,274,267.6,252.2,278,265.8,
1060525,2075,紅尾,斗南,43,36,30.5,172,36.3,
1060525,2075,紅尾,桃園,75.3,41.8,40,180,48.9,
1060525,2092,黑鯧,台中,419.3,347.9,160.3,218,222.6,
1060525,2092,黑鯧,新竹,202.5,180.2,180,100.9,184.6,
1060525,2092,黑鯧,嘉義,303.5,183.2,140,147.5,198.6,
1060525,2099,其他鯧類,佳里,122,120,115,60,117.4,
1060525,2102,青鱗,彰化,0,272,0,6.3,272,
1060525,2105,丁香,斗南,160,160,160,6,160,
1060525,2116,黑鮪肉,新竹,110,0,0,16,110,
1060525,2136,旗魚肉,佳里,0,155,0,16.9,155,
1060525,2139,其他旗魚,台中,116.5,89.6,72,181,93.8,
1060525,2141,土魠,台中,365,331.4,297.1,714,310.4,
1060525,2141,土魠,埔心,359,314.6,293.8,159.3,323.8,
1060525,2145,石喬,新竹,179.4,163.5,145,42,163,
1060525,2155,角鯊,新竹,89.1,55.4,50.9,424.2,61.2,
1060525,2156,黑鯊,埔心,87.3,61.8,50.3,268.5,63.1,
1060525,2159,其他鯊魚,桃園,0,65,0,30.5,65,
1060525,2161,魷魚,埔心,125,101.3,96,159,106.6,
1060525,2166,小卷,新竹,325.8,210.3,103.7,23.4,212.1,
1060525,2191,龍尖,新竹,276.4,205.4,148.2,36.4,208.2,
1060525,2201,石斑魚,嘉義,292.5,243.5,197.3,37.4,244,
1060525,2211,狗母,台北,29.8,15.7,10,54.5,17.4,
1060525,2271,午仔魚(沿海),斗南,295.6,223.2,81.8,409.6,209.4,
1060525,2281,飛魚,斗南,67,66,66,210,66.2,
1060525,2281,飛魚,台中,95.5,68,55,675,62.4,
1060525,2281,飛魚,台北,80.6,49.4,38,663.5,53.3,
1060525,2281,飛魚,岡山,78,44.3,28.2,206.1,47.8,
1060525,2291,暑魚,三重,90,90,90,4.5,90,
1060525,2291,暑魚,台南,0,50,0,100,50,
1060525,2291,暑魚,彰化,0,0,40,15,40,
1060525,2341,白帶魚,斗南,321.9,150.6,48,495,164.4,
1060525,2341,白帶魚,台北,346.8,143.1,43.1,1031.2,163.8,
1060525,2501,赤筆,岡山,332.5,303.4,206.8,16.1,289.9,
1060525,2551,沙腸,苗栗,325,252.5,180,23.9,216.4,
1060525,2568,肉栓(沿海),埔心,66,66,66,78,66,
1060525,2568,肉栓(沿海),桃園,85,73.3,70,85,75,
1060525,2571,剝皮魚,台北,275.1,263,260,39.7,263,
1060525,2781,鮭魚,桃園,330,0,0,40,330,
1060525,3078,青魽(凍),台北,0,70,0,30,70,
1060525,3111,長鰭鮪(凍),高雄,79,78.1,78,6943,78.3,
1060525,3133,黑皮旗(凍),台北,0,100,0,2640,100,
1060525,3159,其他沙魚(凍),埔心,0,185,0,24,185,
1060525,3163,花枝(凍),桃園,0,250,150,64,156.3,
1060525,3164,透抽(凍),桃園,220,0,0,90,220,
1060525,3201,石斑魚(凍),新竹,0,60,0,6.8,60,
1060525,3203,紅條(凍),台中,663,354.4,250,468,273.9,
1060525,3271,午仔魚(凍),桃園,0,55,50,145,52.9,
1060525,3341,白帶魚(凍),三重,160,115.5,100,62,121.3,
1060525,3641,鱈魚(凍),新竹,150,0,0,240,150,
1060525,3781,鮭魚(凍),埔心,291.6,276.4,257.5,294.9,277.5,
1060525,4015,白蝦,三重,166.7,51.3,50,446.1,74.1,
1060525,4016,蝦仁,桃園,100,96.3,0,128,96.9,
1060525,4032,泰國蝦(養),桃園,0,170,0,13.6,170,
1060525,5888,海瓜子,埔心,138,138,125,24,134.8,
1060525,5888,海瓜子,嘉義,139,134.5,130,48,134.5,
1060525,6009,鱈魚片,斗南,67,67,67,30,67,
1060525,6010,鮭魚片,桃園,0,130,120,203,125.9,
1060525,6031,魚丸,三重,50,45.4,42.5,210,45.7,
1060525,6049,其他加工,桃園,0,27,20.6,224,24.7,
1060525,6050,熟卷,三重,15,15,15,50,15,
1060525,6050,熟卷,斗南,303,303,303,12,303,
1060525,6050,熟卷,埔心,184,183,181,70,182.8,
1060525,1011,吳郭魚,台中,52,45,27,7710,47.2,
1060525,1011,吳郭魚,台北,39.8,24.9,6.7,15904,24.3,
1060525,1019,其他吳郭,斗南,104.6,102,97.3,344.7,101.6,
1060525,1019,其他吳郭,桃園,117.6,59.6,20,294.2,59.7,
1060525,1023,草魚,台中,80,69.6,35,384,60.4,
1060525,1023,草魚,埔心,86.8,78.5,71.5,319.2,79.8,
1060525,1024,大頭鰱,彰化,50,36,30,164.5,36.1,
1060525,1041,虱目魚,佳里,108,0,32,139.5,66.7,
1060525,1041,虱目魚,新竹,126,123.2,122,160,123.5,
1060525,1043,虱目魚頭,新竹,530,0,0,5,530,
1060525,1061,豆仔,埔心,80,68,58,17.7,71.7,
1060525,1071,金目鱸,佳里,170,125,115,58.3,124.3,
1060525,1071,金目鱸,埔心,131.2,119.1,110.7,1658.5,119.5,
1060525,1071,金目鱸,新營,116.8,102.2,92.2,131.4,103.1,
1060525,1071,金目鱸,彰化,170,112,40,1348.4,111.5,
1060525,1072,加州鱸,埔心,143.7,124.9,111.3,581.1,125.8,
1060525,1073,七星鱸,埔心,149,133,133,69,135.8,
1060525,1074,銀花鱸,台北,85,81.7,75,50,81,
1060525,1074,銀花鱸,嘉義,130,130,130,30,130,
1060525,1102,泥鰍,台中,0,173,0,18,173,
1060525,1102,泥鰍,埔心,0,172,0,18,172,
1060525,1111,鯰魚,台北,0,100,0,13.8,100,
1060525,1141,田蛙,彰化,71,67,65,60,67,
1060525,1163,黑鯛(養殖),嘉義,187,175.8,118.5,190.7,166.6,
1060525,1165,黃鍚鯛,台中,272,262.5,250,165,264.9,
1060525,1167,黃花(養殖),台北,233.7,197.6,164.3,1941.1,198.2,
1060525,1171,青石斑,彰化,237,213,148,165.4,213.4,
1060525,1172,淡水珍珠石斑,斗南,148.9,142,140,69,143,
1060525,1172,淡水珍珠石斑,新竹,176.2,155.1,139,117,156.1,
1060525,1172,淡水珍珠石斑,嘉義,163,139.4,131,78,142.4,
1060525,1181,黃臘鰺(紅杉),台中,214.7,192.2,170.7,507,192.1,
1060525,1181,黃臘鰺(紅杉),埔心,207,191.6,170.2,192.4,190.4,
1060525,1181,黃臘鰺(紅杉),新營,186,182.2,169.5,109.2,180.4,
1060525,1181,黃臘鰺(紅杉),嘉義,207.7,190.5,182.1,256.6,192.3,
1060525,1191,香魚(養殖),岡山,100,100,100,27,100,
1060525,1191,香魚(養殖),桃園,245,0,0,6,245,
1060525,1201,富貴魚,桃園,145,138,0,36,139.2,
1060525,1272,午仔魚(養殖),彰化,348,245,169,392,245.4,
1060525,1999,其他養殖,台中,493.3,197.8,33,153,224.8,
1060525,1999,其他養殖,苗栗,140,132.5,125,30,132,
1060525,2012,赤宗,台北,342,173.2,80.4,584.6,188.4,
1060525,2012,赤宗,新竹,418.4,281.7,146.7,249,282.1,
1060525,2013,盤仔,佳里,0,0,60,28,60,
1060525,2041,秋姑,台北,94.6,90,53,86.5,83.5,
1060525,2041,秋姑,嘉義,217.8,121,103,64.4,136.8,
1060525,2042,紅魚(沿海),斗南,240,231.8,130.1,70.5,213.1,
1060525,2051,紅目鰱,嘉義,221,221,221,2.2,220.9,
1060525,2061,黃花(沿海),斗南,177.3,165.4,161,611.7,166.9,
1060525,2062,三牙,台北,0,110,0,1.6,110,
1060525,2062,三牙,彰化,455,281,79,7.8,280.8,
1060525,2064,白口,三重,135,95,55,20,95,
1060525,2064,白口,彰化,139,44,9,57.2,44,
1060525,2067,鮸魚,台北,158.4,141.7,125.1,362.8,141.7,
1060525,2071,四破,台北,71.4,55.2,45.5,825.8,56.5,
1060525,2073,硬尾,斗南,30.4,29,29,182,29.3,
1060525,2075,紅尾,彰化,45,43,40,248,42.7,
1060525,2077,甘(瓜)仔,台北,110,81.7,40,72.8,79,
1060525,2078,青魽,台中,0,225.7,0,38,225.7,
1060525,2078,青魽,台北,0,100,0,0.7,100,
1060525,2082,紅古,台北,60,58.5,52.6,127.8,58.5,
1060525,2082,紅古,埔心,104,102.8,95,145,101.2,
1060525,2083,紅尾冬,彰化,113,104,73,74.7,99.2,
1060525,2091,白鯧,岡山,580,574,550,15.9,570.4,
1060525,2092,黑鯧,埔心,149,149,149,30,149,
1060525,2092,黑鯧,桃園,0,140,0,10,140,
1060525,2099,其他鯧類,桃園,0,150,0,12,150,
1060525,2099,其他鯧類,新竹,183.3,138.7,100,42.4,139.9,
1060525,2099,其他鯧類,彰化,282,215,178,11.4,215.3,
1060525,2105,丁香,彰化,0,190,0,6,190,
1060525,2106,勿仔,新竹,200,168.1,22,130,145.2,
1060525,2111,長鰭鮪,台北,73.8,70.8,70,103.6,70.8,
1060525,2115,小串仔,岡山,101.2,94.2,47.2,739.2,86.2,
1060525,2124,煙仔虎,新竹,0,50,0,11.8,50,
1060525,2136,旗魚肉,埔心,144,125.7,117,154.7,126.8,
1060525,2139,其他旗魚,新竹,0,50,0,300,50,
1060525,2139,其他旗魚,新營,159.2,149.2,140.3,37.4,149.4,
1060525,2141,土魠,岡山,380,356,342.7,46.4,358.1,
1060525,2142,馬加,台北,400,331.6,282.5,160.6,335.5,
1060525,2142,馬加,新竹,290,278.9,260,5.7,277.4,
1060525,2143,白北,苗栗,360,310,260,38.5,302.2,
1060525,2149,其他鰆類,台中,0,265,0,4,265,
1060525,2163,花枝,彰化,259,228,215,8.6,228.3,
1060525,2164,透抽,台中,318.5,219.5,143.6,1022,226,
1060525,2165,軟舌,台北,225,205,200,806.6,205,
1060525,2165,軟舌,埔心,123,123,123,45,123,
1060525,2169,章魚,苗栗,55,54,53,75,54.2,
1060525,2191,龍尖,斗南,76,76,76,15,76,
1060525,2201,石斑魚,台北,175.6,127.1,104.3,1049.9,131.8,
1060525,2221,海鰻,斗南,429.1,269.6,65,40,260.6,
1060525,2221,海鰻,新營,420,420,420,5.5,420,
1060525,2261,肉魚,新竹,321.8,160.3,133.4,141.5,187.2,
1060525,2261,肉魚,嘉義,243.3,179,108.2,875.6,177.7,
1060525,2271,午仔魚(沿海),台中,326.2,259.7,204.8,1385,258.9,
1060525,2271,午仔魚(沿海),岡山,40,39.6,35,57,38.8,
1060525,2271,午仔魚(沿海),桃園,0,35,25,84,28.3,
1060525,2271,午仔魚(沿海),新竹,186,39.1,35.3,39.1,67.7,
1060525,2271,午仔魚(沿海),嘉義,307.3,212.8,35.9,730,196.4,
1060525,2281,飛魚,苗栗,35,32.5,30,53,32.9,
1060525,2291,暑魚,嘉義,33,33,33,9,33,
1060525,2301,尖梭,桃園,0,102,0,10,102,
1060525,2301,尖梭,新竹,130,0,0,0.4,130,
1060525,2321,油魚,埔心,52,46,34.3,44.2,45.5,
1060525,2411,龍舌,新竹,437,367.4,350,2.3,367.4,
1060525,2441,牛尾,新竹,0,50,0,0.6,50,
1060525,2481,英哥,埔心,96,86.4,78.7,38.4,87.1,
1060525,2481,英哥,桃園,137,133,0,73.4,134.7,
1060525,2481,英哥,嘉義,273,273,252.3,17.4,268.9,
1060525,2482,紅鰱魚,台中,0,150,0,230,150,
1060525,2491,海鱺(沿海),台北,270,269.9,225,49.8,261,
1060525,2511,金龍(沿海),台中,254,244.2,226,94,243.2,
1060525,2511,金龍(沿海),苗栗,220,210,200,19.9,206.3,
1060525,2551,沙腸,桃園,0,75,65,49,70.3,
1060525,2901,翻車魚,桃園,62,61.5,58,49,60.6,
1060525,2999,其他非凍結魚,嘉義,31.4,10,10,18651.4,13,
1060525,3099,其他鯧類(凍),苗栗,100,95,90,40,92.5,
1060525,3103,鱙仔(凍),埔心,0,189,0,24,189,
1060525,3131,劍旗魚(凍),高雄,120,120,106.4,4560,117.3,
1060525,3157,水鯊(凍),高雄,22,17.4,15,13926,17.8,
1060525,3159,其他沙魚(凍),嘉義,100.7,92.8,68.6,191.3,89.5,
1060525,3161,魷魚(凍),台北,85.5,81.1,80,539.7,81.1,
1060525,3166,小卷(凍),桃園,220,210,0,70,217.1,
1060525,3261,肉魚(凍),佳里,0,85,0,20,85,
1060525,3261,肉魚(凍),彰化,103,101,100,30,101,
1060525,3341,白帶魚(凍),台北,150,129.6,100,1370,127.7,
1060525,3521,秋刀(凍),三重,45,45,45,25,45,
1060525,3781,鮭魚(凍),三重,267,267,267,4,267,
1060525,3781,鮭魚(凍),台北,300,236.9,199.3,929.7,242,
1060525,3781,鮭魚(凍),新營,249,249,249,25,249,
1060525,3781,鮭魚(凍),彰化,291,286,280,26.5,286.3,
1060525,3999,其他凍結(凍),三重,74,44.1,25.3,352,46.3,
1060525,4015,白蝦,台北,257,195.9,114.4,1426.7,191.8,
1060525,4042,紅尾蝦(養),埔心,466.7,246.4,197,119.6,239.4,
1060525,4071,劍蝦(海),彰化,274,192,172,143,192.4,
1060525,5012,牡蠣養,斗南,143.7,54.2,26,581,66.5,
1060525,5012,牡蠣養,苗栗,290,165,40,378,137.1,
1060525,5012,牡蠣養,新竹,190.9,115.5,32.3,643,114,
1060525,5888,海瓜子,彰化,115,114,110,48,113.6,
1060525,5999,其他貝類,佳里,0,55,50,72,50.8,
1060525,5999,其他貝類,埔心,0,75,0,10,75,
1060525,6009,鱈魚片,台中,0,250,0,354,250,
1060525,6009,鱈魚片,彰化,98,97,96,100,97.1,
1060525,6031,魚丸,埔心,63,63,63,60,63,
1060525,9999,其他,台北,100.2,100.2,100.2,8988.7,100.2,
1060525,9999,其他,新竹,168.4,168.4,168.4,332.9,168.4,
1060525,1022,鯽魚,桃園,0,67,45,86.8,57.6,
1060525,1023,草魚,桃園,92.1,73.2,65,140.1,74.3,
1060525,1024,大頭鰱,台中,60,60,47,173,53.2,
1060525,1024,大頭鰱,埔心,50,34,30,57.6,36.5,
1060525,1041,虱目魚,三重,118.1,80.8,80,2650.1,88.1,
1060525,1041,虱目魚,斗南,123.1,111.4,105,1020,112.5,
1060525,1041,虱目魚,岡山,110,106.7,88,3325,105.6,
1060525,1051,烏仔魚,埔心,0,19,0,7.7,19.7,
1060525,1071,金目鱸,新竹,121.7,115.1,110.7,784.2,115.5,
1060525,1072,加州鱸,嘉義,141.5,129.6,113.8,296,128.8,
1060525,1073,七星鱸,斗南,151,151,151,6,151,
1060525,1073,七星鱸,彰化,159,139,86,271,138.7,
1060525,1074,銀花鱸,新竹,133,123.6,119,29.5,124.6,
1060525,1086,三角仔【養】,彰化,591,514,486,60,524,
1060525,1111,鯰魚,埔心,150,100,88.3,96.8,104.5,
1060525,1121,鱒魚,台中,0,219,0,30,219,
1060525,1163,黑鯛(養殖),新營,160,160,160,3.1,160,
1060525,1170,象魚,台北,150,138.2,115.8,31.3,136.1,
1060525,1171,青石斑,嘉義,229,217.8,171.1,227.7,210.7,
1060525,1173,龍膽石斑,佳里,310,300,0,17.2,305.4,
1060525,1181,黃臘鰺(紅杉),斗南,197.2,183,169.3,135.8,183.1,
1060525,1201,富貴魚,彰化,136,133,129,30,133,
1060525,1511,金龍(養殖),埔心,0,232.5,0,12,232.5,
1060525,2012,赤宗,嘉義,419,418.8,418,15.6,418.7,
1060525,2013,盤仔,岡山,300,146.7,60,12.1,160,
1060525,2013,盤仔,彰化,0,45,0,15,45,
1060525,2015,黑鯛(沿海),台北,0,300,0,0.6,300,
1060525,2015,黑鯛(沿海),新竹,600,517.9,436.8,7.4,518.1,
1060525,2019,其他鯛類(沿海),台南,0,200,0,30,200,
1060525,2021,金線,埔心,281.2,234.9,159.2,88.8,234.9,
1060525,2042,紅魚(沿海),台中,305,282,266,288,282.5,
1060525,2051,紅目鰱,台中,0,626,0,2,626,
1060525,2051,紅目鰱,台北,0,350,0,3.6,350,
1060525,2061,黃花(沿海),三重,210,155.4,140,113.3,163.2,
1060525,2061,黃花(沿海),新營,165,159.7,152,145.5,159.2,
1060525,2071,四破,苗栗,45,42.5,40,45,41.6,
1060525,2071,四破,新竹,64.2,57,50.3,75.9,57.1,
1060525,2075,紅尾,台中,0,50.7,0,269,50.7,
1060525,2075,紅尾,新營,52,52,47,72,51,
1060525,2075,紅尾,嘉義,32,32,32,50,32,
1060525,2079,紅魽,埔心,151.2,128.2,56.2,275.9,120.4,
1060525,2079,紅魽,新竹,245.2,208.7,187.3,112.2,211.7,
1060525,2082,紅古,三重,94,84.8,80,171,85.7,
1060525,2082,紅古,台中,0,93,0,120,93,
1060525,2083,紅尾冬,台北,160,157.1,140,17.4,154.3,
1060525,2084,黑尾冬,岡山,147.2,96.5,90,104.9,105.3,
1060525,2091,白鯧,台北,722.5,297.8,182.9,432.8,359.8,
1060525,2091,白鯧,新竹,1129.6,560.8,237,76.4,609.8,
1060525,2092,黑鯧,彰化,416,204,88,70.2,204.3,
1060525,2105,丁香,新竹,100,0,0,25,100,
1060525,2105,丁香,嘉義,170,170,170,6,170,
1060525,2122,花鰹,台北,72,41.3,37.9,938.1,46.8,
1060525,2124,煙仔虎,桃園,0,70,0,11.5,70,
1060525,2133,黑皮旗,台中,154.5,147.2,116,982,144.2,
1060525,2136,旗魚肉,桃園,143.3,135.5,120,78.3,128.6,
1060525,2141,土魠,台南,0,350,0,100,350,
1060525,2141,土魠,嘉義,373.9,331.1,279.2,272.6,329.3,
1060525,2143,白北,新竹,374.8,304.7,260.6,40.3,309.9,
1060525,2151,大鯊,桃園,117,68.3,44.5,307,66,
1060525,2156,黑鯊,台中,116,107.3,99.5,201,107.5,
1060525,2164,透抽,台北,248.4,158.4,100,1796.2,164.7,
1060525,2165,軟舌,佳里,0,110,0,30,110,
1060525,2165,軟舌,彰化,326,137,30,94.6,136.5,
1060525,2166,小卷,桃園,225,186.2,111.9,346.1,172.9,
1060525,2166,小卷,高雄,180,180,180,9.1,180,
1060525,2169,章魚,台中,0,42,0,132,42,
1060525,2169,章魚,埔心,137.2,58.1,49,328.6,75.1,
1060525,2202,小紅鱠,嘉義,277,275.4,267,6.4,274.1,
1060525,2211,狗母,台中,0,118.7,0,10,118.7,
1060525,2211,狗母,新竹,45,31.6,20,12.1,32,
1060525,2261,肉魚,苗栗,320,200,80,238,143.1,
1060525,2261,肉魚,埔心,286.8,158.3,88.5,740.8,161.6,
1060525,2271,午仔魚(沿海),苗栗,300,167.5,35,216.7,196,
1060525,2271,午仔魚(沿海),埔心,48,44.7,38.5,145,44.3,
1060525,2331,鯖魚,嘉義,37,34.8,29.6,1550,34.2,
1060525,2341,白帶魚,嘉義,257,93.6,12,832.6,110,
1060525,2351,鱝(魴仔),斗南,144.5,117,60.8,143,111.3,
1060525,2351,鱝(魴仔),台北,44.6,36.8,25.5,33.8,36.1,
1060525,2351,鱝(魴仔),嘉義,74,74,74,6.5,74,
1060525,2351,鱝(魴仔),彰化,138,123,29,326.2,123.1,
1060525,2461,長加,台北,132.6,96,80,201.4,100.1,
1060525,2481,英哥,台中,329,269.5,228,41,270.5,
1060525,2481,英哥,台北,357.2,190.5,132.1,141.4,212.2,
1060525,2501,赤筆,新竹,493.2,372,263.5,8.2,374.5,
1060525,2511,金龍(沿海),台北,0,270,0,5.1,270,
1060525,2551,沙腸,台中,385,258.9,154.3,124,270.4,
1060525,2551,沙腸,埔心,408.5,328,178,25.2,278,
1060525,2551,沙腸,新營,345,341.1,340,30,341.7,
1060525,2562,什魚,新竹,196.9,70.2,17.3,22.6,85,
1060525,2562,什魚,彰化,255,65,10,44.4,64.6,
1060525,2611,水針,斗南,22,20.7,19.4,191.3,21.5,
1060525,2611,水針,桃園,0,30,27.1,63,27.8,
1060525,2611,水針,嘉義,24,21.9,20,222.7,22,
1060525,2999,其他非凍結魚,三重,77.3,25.9,16,444.1,34.2,
1060525,2999,其他非凍結魚,埔心,117,103.8,68,92.7,99.2,
1060525,3105,丁香(凍),新營,163,163,163,6,163,
1060525,3133,黑皮旗(凍),高雄,85,73.5,60,611,73.1,
1060525,3203,紅條(凍),台北,420,370.2,312,18.6,368.5,
1060525,3321,油魚(凍),高雄,85.6,66.9,39.7,198846,65.2,
1060525,3341,白帶魚(凍),桃園,150,145,0,160,149.4,
1060525,4015,白蝦,斗南,155,155,155,28,155,
1060525,4015,白蝦,台中,0,200,0,255,200,
1060525,4071,劍蝦(海),基隆,0,0,41.7,1920,41.7,
1060525,4999,其他蟹類,台中,0,122,0,1,122,
1060525,5012,牡蠣養,三重,90,66.3,55,825,68.8,
1060525,5012,牡蠣養,台中,156.7,139.4,78.3,921,119.4,
1060525,5012,牡蠣養,埔心,448.4,69.9,46.1,1052,74.2,
1060525,5012,牡蠣養,新營,77,76.2,76,39,76.3,
1060525,5022,文蛤養,桃園,0,70,15,368,53.9,
1060525,6009,鱈魚片,埔心,0,225,0,10,225,
1060525,6101,海菜,桃園,0,50,0,27,50,
1060525,6101,海菜,彰化,0,12,0,100,12,
1060525,9999,其他,埔心,69.2,69.2,69.2,922.9,69.2,
1060525,1011,吳郭魚,佳里,43,40,15,143.6,40.3,
1060525,1011,吳郭魚,苗栗,60,52.5,45,771.7,57.3,
1060525,1011,吳郭魚,新竹,55.4,51.6,47.9,1743.5,51.6,
1060525,1012,尼羅紅魚,斗南,79,79,78,30,78.8,
1060525,1012,尼羅紅魚,苗栗,95,92.5,90,30,91,
1060525,1012,尼羅紅魚,桃園,85,80,0,110,81.2,
1060525,1023,草魚,嘉義,100.1,85.6,72.3,491.5,85.8,
1060525,1024,大頭鰱,台北,60,58.7,53.6,2718.1,57.9,
1060525,1024,大頭鰱,桃園,0,0,40,21,40,
1060525,1027,烏鰡,台北,86,85,82.8,248.5,84.8,
1060525,1041,虱目魚,台中,149,122,106.4,2580,121,
1060525,1042,虱目魚肚,台中,0,250,0,770,250,
1060525,1042,虱目魚肚,苗栗,70,56,42,410,56.9,
1060525,1042,虱目魚肚,埔心,810,764.8,260.9,546,290.9,
1060525,1043,虱目魚頭,埔心,0,12.9,0,165,12.9,
1060525,1051,烏仔魚,嘉義,55.7,51,51,15,51.9,
1060525,1072,加州鱸,佳里,128,120,110,66,120.6,
1060525,1074,銀花鱸,台中,153.5,138.6,117,207,138.1,
1060525,1086,三角仔【養】,嘉義,524,507.5,491,12,507.5,
1060525,1111,鯰魚,彰化,150,113,96,75.1,112.5,
1060525,1163,黑鯛(養殖),彰化,192,185,181,117,185,
1060525,1171,青石斑,台北,250,248.3,194.4,240,237.9,
1060525,1171,青石斑,埔心,231,179.4,120,70.4,177.4,
1060525,1172,淡水珍珠石斑,台中,151.4,110,84.8,369,122.9,
1060525,1173,龍膽石斑,嘉義,220.2,186.5,154,510,186.8,
1060525,1181,黃臘鰺(紅杉),彰化,201,180,153,96,179.6,
1060525,1201,富貴魚,嘉義,132,131.9,131,42,131.7,
1060525,1272,午仔魚(養殖),佳里,310,220,175,96,229.6,
1060525,1272,午仔魚(養殖),新竹,310.7,257,184.9,347,253.3,
1060525,2011,加臘(沿海),岡山,330,287.4,200,11.5,278.4,
1060525,2011,加臘(沿海),新竹,380,368,320,2.5,368,
1060525,2011,加臘(沿海),嘉義,330.1,279.5,238.6,26.6,281.4,
1060525,2017,花身(沿海),新竹,97.4,52.8,30,16.6,57.2,
1060525,2042,紅魚(沿海),三重,190,190,190,10,190,
1060525,2061,黃花(沿海),台中,200.6,173.2,160,1758,173.2,
1060525,2061,黃花(沿海),新竹,191.3,184.8,179.3,296.7,185,
1060525,2062,三牙,嘉義,119,119,119,7.8,119,
1060525,2073,硬尾,桃園,0,33,25,362,27.8,
1060525,2074,巴闌,佳里,0,27,20,221,23.1,
1060525,2074,巴闌,新竹,78.1,34.7,30,60.3,42.4,
1060525,2075,紅尾,岡山,41.3,35.5,29.4,181.3,35.5,
1060525,2079,紅魽,斗南,139.4,136.5,109.8,230.8,131.8,
1060525,2079,紅魽,台中,224.2,179.5,131.8,913,157.5,
1060525,2081,油魽,台南,0,180,0,50,180,
1060525,2081,油魽,新竹,140,0,0,12,140,
1060525,2083,紅尾冬,台中,0,127,0,28,127,
1060525,2089,其他鰺類,台中,188,123.8,61,68,125.5,
1060525,2091,白鯧,苗栗,700,580,460,33.5,572.9,
1060525,2092,黑鯧,斗南,236.4,151.8,150,67,168.4,
1060525,2093,銀鯧,台中,0,116,0,100,116,
1060525,2099,其他鯧類,斗南,161.1,85,82.4,134,99.7,
1060525,2106,勿仔,台中,0,294,0,152,294,
1060525,2109,其他溫類,岡山,30,28.8,25,23.2,28.3,
1060525,2113,黃鰭鮪,彰化,171,126,99,215,126.1,
1060525,2115,小串仔,台中,200,132.6,39.7,1007,102.5,
1060525,2133,黑皮旗,彰化,0,43,0,40,43,
1060525,2136,旗魚肉,台中,160,139.2,120,445,139.7,
1060525,2139,其他旗魚,埔心,0,380,0,16.4,380,
1060525,2151,大鯊,三重,105,57.2,50,208,65.3,
1060525,2151,大鯊,埔心,0,55,0,22,55,
1060525,2152,鯊條,台中,0,13,0,17,13,
1060525,2152,鯊條,新竹,74.4,56.8,35.1,118.5,56,
1060525,2158,馬加沙,彰化,0,99,0,85,99,
1060525,2159,其他鯊魚,苗栗,150,95,40,207.1,113.4,
1060525,2159,其他鯊魚,新竹,34,31,30,1060.2,30.8,
1060525,2164,透抽,佳里,260,220,206,68.3,237.6,
1060525,2164,透抽,新營,265,262.2,261,46,262.5,
1060525,2164,透抽,嘉義,257,219.7,188.5,525.4,220.9,
1060525,2179,其他頭足,新營,61,61,61,45,61,
1060525,2181,馬頭魚,台北,397.5,324.7,280,34.8,330.3,
1060525,2181,馬頭魚,彰化,0,474,0,0.7,474,
1060525,2201,石斑魚,桃園,320,0,0,0.8,320,
1060525,2221,海鰻,台北,350,316.6,106.5,95.2,281.3,
1060525,2221,海鰻,彰化,132,73,30,19.2,73.1,
1060525,2261,肉魚,三重,250,171.9,165,225,186.2,
1060525,2271,午仔魚(沿海),台北,234.5,122.1,32.8,594.8,126.7,
1060525,2271,午仔魚(沿海),佳里,165,65,30,279,62.1,
1060525,2271,午仔魚(沿海),彰化,337,83,35,192.7,82.9,
1060525,2281,飛魚,桃園,75,72,0,90,73.5,
1060525,2281,飛魚,彰化,90,89,87,30,88.5,
1060525,2301,尖梭,台中,175.5,156.4,130,136,155.5,
1060525,2331,鯖魚,三重,32.7,30,30,730,30.5,
1060525,2331,鯖魚,佳里,47,33,30,400,34.9,
1060525,2331,鯖魚,苗栗,37,33.5,30,430,31.4,
1060525,2331,鯖魚,埔心,37.6,32.6,28.6,1270,32.8,
1060525,2331,鯖魚,新竹,43.7,38.9,35,1020.8,39.1,
1060525,2331,鯖魚,新營,38.6,35.6,30.9,800,35.3,
1060525,2341,白帶魚,三重,160,78.4,70,215,93,
1060525,2341,白帶魚,台中,327.4,221.5,66.9,1142,172.1,
1060525,2341,白帶魚,苗栗,335,185,35,147.6,251.1,
1060525,2341,白帶魚,新竹,336.6,250.8,84.2,363.2,234.6,
1060525,2341,白帶魚,新營,345,307.1,270.1,100.9,307.3,
1060525,2351,鱝(魴仔),台中,0,34.7,0,74,34.7,
1060525,2441,牛尾,台中,0,250,0,9,250,
1060525,2481,英哥,台南,0,200,0,70,200,
1060525,2483,青衣,台中,272.2,170.6,118.6,329,169.4,
1060525,2483,青衣,彰化,0,156,0,13,156,
1060525,2491,海鱺(沿海),台南,0,180,0,30,180,
1060525,2491,海鱺(沿海),嘉義,248.7,197.9,133,86.1,195.1,
1060525,2501,赤筆,埔心,262.2,243.8,207.2,136.7,239.9,
1060525,2541,青筆,岡山,250,250,250,7.8,250,
1060525,2541,青筆,桃園,0,180,0,3,180,
1060525,2551,沙腸,嘉義,394,365.2,328,10.1,363.5,
1060525,2562,什魚,台中,0,0,0,0,0,
1060525,2562,什魚,岡山,152.5,112,62.3,29.2,110.2,
1060525,2571,剝皮魚,台中,0,267,0,12,267,
1060525,2999,其他非凍結魚,台北,241.7,95.8,29.4,5061.4,111.7,
1060525,3011,加臘(凍),台北,150,101.4,100,95.7,110.8,
1060525,3091,白鯧(凍),新竹,300,0,0,50,300,
1060525,3135,雨傘旗(凍),高雄,60,54.1,50,336,54.4,
1060525,3145,石喬(凍),高雄,70,58.9,50,327,59.3,
1060525,3169,章魚(凍),台北,0,100,0,350,100,
1060525,3203,紅條(凍),桃園,300,260,0,33.4,295.9,
1060525,3261,肉魚(凍),桃園,105,93.7,60,109,87.7,
1060525,3331,鯖魚(凍),台北,36.5,35.3,35,970,35.3,
1060525,3341,白帶魚(凍),佳里,0,200,0,20,200,
1060525,3521,秋刀(凍),台北,0,50,0,290,50,
1060525,3521,秋刀(凍),桃園,0,50,0,20,50,
1060525,3541,青筆(凍),台北,0,60,0,60,60,
1060525,3541,青筆(凍),埔心,0,57,0,36,57,
1060525,3641,鱈魚(凍),台中,0,250,0,910,250,
1060525,3781,鮭魚(凍),桃園,310,280,0,81.9,291.7,
1060525,3999,其他凍結(凍),嘉義,531,489.6,389,56,477.8,
1060525,4015,白蝦,桃園,340,259.2,193.4,357.7,256.2,
1060525,4015,白蝦,新竹,350,0,0,0.1,350,
1060525,4016,蝦仁,台中,0,200,0,445,200,
1060525,4016,蝦仁,埔心,232,214,184,243.6,212,
1060525,4032,泰國蝦(養),埔心,0,93,0,14.5,92.7,
1060525,4071,劍蝦(海),台北,291.2,218.2,200,625,218.2,
1060525,4509,其他蝦類,三重,400,346.6,300,73,347.9,
1060525,4999,其他蟹類,嘉義,92,92,92,28,92,
1060525,5101,竹蟶海,台中,0,100,0,21,100,
1060525,5999,其他貝類,新竹,100,0,0,1.7,100,
1060525,6009,鱈魚片,三重,115,97.9,90,164,99.8,
1060525,6050,熟卷,嘉義,228.9,194.8,167.9,428.5,196.2,
1060525,6112,魚卵,嘉義,97,97,97,12,97,
1060525,6112,魚卵,彰化,229,162,121,28,161.9,
1060525,9999,其他,斗南,68.5,68.5,68.5,298.5,68.5,
1060525,1011,吳郭魚,斗南,54.1,47.5,36,2482.8,46.5,
1060525,1011,吳郭魚,埔心,46,42.5,35,5013.1,42.4,
1060525,1012,尼羅紅魚,三重,100,81.3,80,94.6,84.8,
1060525,1012,尼羅紅魚,新竹,90,88.4,75.3,42.7,86.1,
1060525,1019,其他吳郭,三重,118.5,118.1,100.6,149,114.7,
1060525,1019,其他吳郭,佳里,110,100,75,99.7,102,
1060525,1022,鯽魚,佳里,0,65,0,17,65,
1060525,1022,鯽魚,嘉義,109,66,38,195.5,69,
1060525,1041,虱目魚,苗栗,140,120,100,220,118.6,
1060525,1041,虱目魚,彰化,143,119,106,1132.5,119.4,
1060525,1042,虱目魚肚,桃園,80,17.8,0,233,31.1,
1060525,1071,金目鱸,斗南,142.1,111.7,94.4,669,114.3,
1060525,1071,金目鱸,岡山,120,107.2,100,2040,108.3,
1060525,1073,七星鱸,桃園,150.2,141.7,134,258,138.4,
1060525,1074,銀花鱸,斗南,140,139.3,138,30,139.2,
1060525,1141,田蛙,台中,0,67.3,0,120,67.3,
1060525,1141,田蛙,新營,66,65.1,60,48.9,64.3,
1060525,1163,黑鯛(養殖),台北,0,200,0,12,200,
1060525,1163,黑鯛(養殖),埔心,192.5,190,181.2,118,188.7,
1060525,1165,黃鍚鯛,嘉義,280,280,280,1.8,280,
1060525,1168,花身(養殖),嘉義,245.4,234.7,227.7,16.3,235.5,
1060525,1171,青石斑,桃園,232.6,213.7,154.3,152.3,202.7,
1060525,1191,香魚(養殖),台中,284.7,165.4,86.2,952,161.8,
1060525,1191,香魚(養殖),嘉義,206,203.6,200,72,203.4,
1060525,1201,富貴魚,新竹,140,137.3,125,30,135.4,
1060525,1272,午仔魚(養殖),桃園,289.1,242.4,190.2,301,258.7,
1060525,1999,其他養殖,新營,189.2,158.2,134.5,51,159.6,
1060525,1999,其他養殖,嘉義,18,18,18,32,18,
1060525,1999,其他養殖,彰化,0,50,0,13.2,50,
1060525,2011,加臘(沿海),台南,0,380,0,30,380,
1060525,2013,盤仔,斗南,78,77.3,65.1,36.5,75,
1060525,2015,黑鯛(沿海),苗栗,140,107.5,75,30,123,
1060525,2017,花身(沿海),台中,0,492,0,5,492,
1060525,2021,金線,嘉義,254,249.5,238.8,38.5,248.2,
1060525,2061,黃花(沿海),佳里,190,178,148,410,174.2,
1060525,2064,白口,新竹,220.4,73.7,33.9,138.1,95.1,
1060525,2067,鮸魚,台中,137,137,136,308,136.8,
1060525,2071,四破,嘉義,43.6,42.3,39,277.5,41.9,
1060525,2073,硬尾,埔心,26.7,24.4,22.3,368,24.3,
1060525,2073,硬尾,彰化,39,35,32,182,35,
1060525,2075,紅尾,埔心,50,46.8,44.8,200,47,
1060525,2077,甘(瓜)仔,岡山,130,130,130,27.6,130,
1060525,2077,甘(瓜)仔,彰化,199,135,16,77.7,135.1,
1060525,2079,紅魽,岡山,160.8,145.5,140,231.9,147.5,
1060525,2079,紅魽,彰化,191,144,112,285.7,143.5,
1060525,2091,白鯧,桃園,440,422,0,56,428,
1060525,2093,銀鯧,新竹,381.7,117.2,71,8.7,160.9,
1060525,2099,其他鯧類,埔心,157.5,134.4,107,84,136.3,
1060525,2114,黑鮪,新竹,113,108.5,96.1,193.1,106.9,
1060525,2115,小串仔,桃園,0,50,0,103.8,50,
1060525,2119,其他鮪魚,岡山,202.8,190,187.2,300.9,192,
1060525,2124,煙仔虎,台中,73,41.7,35,244,39.2,
1060525,2131,劍旗魚,苗栗,170,155,140,104.9,156.2,
1060525,2134,白皮旗,台北,259.7,150.6,92.8,330.6,160.9,
1060525,2135,雨傘旗,岡山,120,118.1,67.4,28.2,108.4,
1060525,2141,土魠,苗栗,450,342.5,235,253.4,316.5,
1060525,2161,魷魚,彰化,93,92,91,45,92,
1060525,2163,花枝,台北,206.1,201.2,200,606.7,201.2,
1060525,2163,花枝,埔心,0,238,0,4.8,237.9,
1060525,2163,花枝,新竹,260.2,241,218.2,111.4,240.3,
1060525,2163,花枝,嘉義,178,178,178,32,178,
1060525,2164,透抽,斗南,251.7,231.7,207,322.4,230.8,
1060525,2164,透抽,桃園,271.8,245,197.4,236,240.7,
1060525,2164,透抽,新竹,287,222.3,200,136,230.8,
1060525,2165,軟舌,嘉義,198,198,198,60,198,
1060525,2166,小卷,三重,172.9,112.1,110,210,123.8,
1060525,2169,章魚,台北,216.5,203.3,200,393.5,203.3,
1060525,2169,章魚,彰化,142,106,50,119.2,105.5,
1060525,2211,狗母,埔心,0,167,0,1.8,167.2,
1060525,2221,海鰻,新竹,299.3,187.6,102.4,20.3,192.9,
1060525,2261,肉魚,岡山,120,87.6,70,177,90.6,
1060525,2261,肉魚,桃園,221.6,163.3,122.8,336,171,
1060525,2261,肉魚,新營,154,146,118,58,142,
1060525,2281,飛魚,埔心,65.5,63.1,49.5,163,61.4,
1060525,2281,飛魚,嘉義,48,45.5,44,210,45.7,
1060525,2301,尖梭,彰化,151,142,140,13.7,141.6,
1060525,2331,鯖魚,斗南,39,31.4,29.3,730,32.5,
1060525,2341,白帶魚,彰化,390,176,21,488.7,176.1,
1060525,2351,鱝(魴仔),佳里,0,0,71,19.5,71,
1060525,2491,海鱺(沿海),台中,267.5,208.2,189.5,383,207.6,
1060525,2511,金龍(沿海),新竹,298.9,272.3,227.4,64.8,268.6,
1060525,2531,國光,台中,0,256,0,3,256,
1060525,2531,國光,台北,0,40,0,20,40,
1060525,2532,九岩,彰化,94,74,50,3.5,73.9,
1060525,2541,青筆,台北,360.5,249.3,90.4,73.8,239.8,
1060525,2562,什魚,三重,81.9,46.2,10.5,480,24.8,
1060525,2562,什魚,斗南,125,107.8,75.1,21.5,104.7,
1060525,2562,什魚,台南,120,52.8,40,319.5,63.7,
1060525,2563,象魚(臭肚),岡山,116.5,105,105,14.1,107.3,
1060525,2571,剝皮魚,苗栗,340,300,260,39.8,307.7,
1060525,2611,水針,埔心,45,30,28,172,30.6,
1060525,2611,水針,彰化,25,23,19,285.7,22.6,
1060525,3071,四破(凍),桃園,0,0,2,50,2,
1060525,3099,其他鯧類(凍),彰化,166,106,81,178.4,105.8,
1060525,3106,勿仔(凍),埔心,218,207.8,184,48,205.2,
1060525,3112,大眼鮪(凍),高雄,100,100,80.6,5091,96.1,
1060525,3141,土魠(凍),新竹,290,261.2,250,20.4,264.7,
1060525,3179,其他頭足(凍),新竹,55,53.5,52,90,53.5,
1060525,3261,肉魚(凍),埔心,0,98,0,20,98,
1060525,3521,秋刀(凍),高雄,19,19,19,393207,19,
1060525,3631,香魚(凍),台北,150,147.7,138.7,575.3,147.7,
1060525,3641,鱈魚(凍),台北,251.7,250,215.9,1145.1,241.2,
1060525,3999,其他凍結(凍),新竹,101.7,86.1,66.9,1842,85.4,
1060525,4071,劍蝦(海),台中,0,230.5,0,55,230.5,
1060525,4071,劍蝦(海),桃園,202,103.7,97,55.5,122.4,
1060525,4509,其他蝦類,埔心,385,377.1,262,55.4,269.9,
1060525,4509,其他蝦類,新竹,120,117.3,106.5,381.4,117.3,
1060525,4521,(花)市仔,佳里,145,82,0,3,113.5,
1060525,5012,牡蠣養,佳里,0,65,0,26,65,
1060525,5012,牡蠣養,桃園,102.9,80,59.2,1072,79.1,
1060525,5022,文蛤養,三重,70,40.8,33.5,234,45.2,
1060525,5092,蜆(養),埔心,30,30,25,43,27.7,
1060525,5888,海瓜子,台中,0,122.7,0,98,122.7,
1060525,6009,鱈魚片,桃園,125.9,85,0,292,113.3,
1060525,6049,其他加工,斗南,77.3,39.2,21.8,535.8,43.3,
1060525,6112,魚卵,桃園,0,65,0,48,65,
1060525,9999,其他,台中,91.1,91.1,91.1,3106.4,91.1,
1060525,9999,其他,高雄,45.7,45.7,45.7,5343,45.7,
1060524,1011,吳郭魚,台中,52,48.4,29.7,7037,47.6,
1060524,1012,尼羅紅魚,斗南,76,75.3,75,30,75.4,
1060524,1012,尼羅紅魚,台北,105,93.7,42.8,481.8,85.8,
1060524,1012,尼羅紅魚,彰化,73,0,70,18,72.7,
1060524,1027,烏鰡,台中,0,80,0,26,80,
1060524,1041,虱目魚,岡山,110.5,105.8,83,3300.2,105,
1060524,1043,虱目魚頭,嘉義,13,13,13,20,13,
1060524,1061,豆仔,台中,0,76,0,20,76,
1060524,1061,豆仔,嘉義,136,134.6,29.1,22,113.8,
1060524,1061,豆仔,彰化,110,74,55,63.6,77.3,
1060524,1071,金目鱸,苗栗,130,117.5,105,612,118.4,
1060524,1072,加州鱸,三重,100,94.6,94,40.4,95.5,
1060524,1072,加州鱸,斗南,141,140.5,140,60,140.5,
1060524,1072,加州鱸,埔心,154.6,141.6,120.2,270,139.6,
1060524,1072,加州鱸,彰化,151,142,122,186,139.6,
1060524,1073,七星鱸,桃園,139.8,130.8,116.5,131,129.5,
1060524,1111,鯰魚,斗南,115,113.6,112,14.7,113.5,
1060524,1121,鱒魚,台北,0,200,0,25,200,
1060524,1121,鱒魚,桃園,0,170,135,36,145.8,
1060524,1141,田蛙,彰化,60,0,55,48,58.8,
1060524,1163,黑鯛(養殖),桃園,182,171.5,60,45,135.7,
1060524,1164,紅鰽,台北,270,240.2,168.8,200,231.9,
1060524,1165,黃鍚鯛,台中,287.5,279.2,267,170,276.3,
1060524,1171,青石斑,三重,233.3,233.3,233.3,6,233.3,
1060524,1172,淡水珍珠石斑,台中,150,81.5,79,388,91.6,
1060524,1181,黃臘鰺(紅杉),新營,201.4,187.7,180.5,179.8,189,
1060524,1181,黃臘鰺(紅杉),彰化,203,181,146,346.5,178.2,
1060524,1201,富貴魚,嘉義,119,119,119,18,119,
1060524,1272,午仔魚(養殖),佳里,310,235,180,90,236,
1060524,1999,其他養殖,埔心,102,65.6,31.6,333,55.9,
1060524,1999,其他養殖,彰化,48,44,40,22.1,44.1,

